,Unnamed: 0,Product,Quantity Ordered,Order Date
0,0,Wired Headphones,2,2019-08-31
5,5,Wired Headphones,1,2019-08-02
8,8,Wired Headphones,1,2019-08-25
28,28,Wired Headphones,1,2019-08-07
30,30,Wired Headphones,1,2019-08-09
63,63,Wired Headphones,1,2019-08-02
69,69,Wired Headphones,1,2019-08-03
88,88,Wired Headphones,1,2019-08-19
98,98,Wired Headphones,1,2019-08-24
99,99,Wired Headphones,1,2019-08-19
103,103,Wired Headphones,1,2019-08-13
111,111,Wired Headphones,1,2019-08-29
125,125,Wired Headphones,1,2019-08-22
127,127,Wired Headphones,1,2019-08-05
129,129,Wired Headphones,1,2019-08-15
133,133,Wired Headphones,1,2019-08-01
145,145,Wired Headphones,1,2019-08-04
146,146,Wired Headphones,1,2019-08-25
151,151,Wired Headphones,1,2019-08-04
158,158,Wired Headphones,1,2019-08-24
166,166,Wired Headphones,1,2019-08-24
168,168,Wired Headphones,1,2019-08-06
172,172,Wired Headphones,1,2019-08-16
183,183,Wired Headphones,1,2019-08-27
187,187,Wired Headphones,1,2019-08-20
192,192,Wired Headphones,1,2019-08-31
196,196,Wired Headphones,2,2019-08-04
198,198,Wired Headphones,1,2019-08-02
203,203,Wired Headphones,1,2019-08-29
206,206,Wired Headphones,1,2019-08-26
207,207,Wired Headphones,1,2019-08-02
243,245,Wired Headphones,1,2019-08-24
251,253,Wired Headphones,1,2019-08-17
252,254,Wired Headphones,1,2019-08-31
256,258,Wired Headphones,1,2019-08-10
258,260,Wired Headphones,1,2019-08-12
261,263,Wired Headphones,1,2019-08-08
265,267,Wired Headphones,2,2019-08-11
276,278,Wired Headphones,1,2019-08-03
302,304,Wired Headphones,1,2019-08-12
336,339,Wired Headphones,1,2019-08-02
343,346,Wired Headphones,1,2019-08-07
376,379,Wired Headphones,1,2019-08-25
384,387,Wired Headphones,1,2019-08-11
422,425,Wired Headphones,1,2019-08-08
424,427,Wired Headphones,1,2019-08-07
425,428,Wired Headphones,1,2019-08-22
433,436,Wired Headphones,1,2019-08-20
444,447,Wired Headphones,1,2019-08-11
449,452,Wired Headphones,1,2019-08-24
457,460,Wired Headphones,1,2019-08-01
460,463,Wired Headphones,1,2019-08-13
481,484,Wired Headphones,1,2019-08-29
494,497,Wired Headphones,1,2019-08-13
508,511,Wired Headphones,1,2019-08-24
516,519,Wired Headphones,1,2019-08-28
540,543,Wired Headphones,1,2019-08-12
541,544,Wired Headphones,1,2019-08-01
546,549,Wired Headphones,1,2019-08-15
549,552,Wired Headphones,1,2019-08-09
558,561,Wired Headphones,1,2019-08-11
562,565,Wired Headphones,1,2019-08-23
573,576,Wired Headphones,1,2019-08-19
597,600,Wired Headphones,1,2019-08-30
615,618,Wired Headphones,1,2019-08-17
621,624,Wired Headphones,1,2019-08-13
629,632,Wired Headphones,1,2019-08-13
638,641,Wired Headphones,1,2019-08-20
652,655,Wired Headphones,1,2019-08-01
653,656,Wired Headphones,1,2019-08-10
655,658,Wired Headphones,1,2019-08-07
658,661,Wired Headphones,1,2019-08-24
660,663,Wired Headphones,1,2019-08-06
663,666,Wired Headphones,1,2019-08-24
667,670,Wired Headphones,1,2019-08-02
687,690,Wired Headphones,1,2019-08-18
690,693,Wired Headphones,1,2019-08-28
691,694,Wired Headphones,1,2019-08-22
699,702,Wired Headphones,1,2019-08-15
707,710,Wired Headphones,1,2019-08-21
727,730,Wired Headphones,1,2019-08-09
739,742,Wired Headphones,1,2019-08-12
762,765,Wired Headphones,1,2019-08-25
774,777,Wired Headphones,1,2019-08-07
783,786,Wired Headphones,1,2019-08-15
798,801,Wired Headphones,1,2019-08-07
800,803,Wired Headphones,1,2019-08-16
808,811,Wired Headphones,1,2019-08-29
814,817,Wired Headphones,1,2019-08-30
821,824,Wired Headphones,1,2019-08-11
836,839,Wired Headphones,1,2019-08-24
878,881,Wired Headphones,1,2019-08-22
883,886,Wired Headphones,1,2019-08-02
898,901,Wired Headphones,1,2019-08-11
980,983,Wired Headphones,1,2019-08-06
982,985,Wired Headphones,1,2019-08-09
988,991,Wired Headphones,1,2019-08-10
990,993,Wired Headphones,2,2019-08-16
1001,1004,Wired Headphones,1,2019-08-17
1002,1005,Wired Headphones,1,2019-08-24
1027,1030,Wired Headphones,1,2019-08-14
1047,1050,Wired Headphones,1,2019-08-06
1048,1051,Wired Headphones,1,2019-08-11
1055,1058,Wired Headphones,1,2019-08-15
1064,1067,Wired Headphones,1,2019-08-23
1090,1093,Wired Headphones,2,2019-08-12
1096,1099,Wired Headphones,1,2019-08-25
1105,1108,Wired Headphones,1,2019-08-06
1108,1111,Wired Headphones,1,2019-08-31
1111,1114,Wired Headphones,1,2019-08-22
1115,1118,Wired Headphones,1,2019-08-06
1120,1123,Wired Headphones,1,2019-08-05
1128,1131,Wired Headphones,1,2019-08-01
1132,1135,Wired Headphones,1,2019-08-07
1137,1140,Wired Headphones,1,2019-08-29
1138,1141,Wired Headphones,1,2019-08-04
1147,1150,Wired Headphones,1,2019-08-08
1187,1190,Wired Headphones,1,2019-08-19
1188,1191,Wired Headphones,1,2019-08-15
1221,1225,Wired Headphones,1,2019-08-26
1232,1236,Wired Headphones,1,2019-08-23
1236,1240,Wired Headphones,1,2019-08-19
1243,1247,Wired Headphones,1,2019-08-19
1273,1277,Wired Headphones,1,2019-08-14
1275,1279,Wired Headphones,1,2019-08-06
1293,1298,Wired Headphones,1,2019-08-10
1312,1317,Wired Headphones,1,2019-08-01
1368,1373,Wired Headphones,1,2019-08-04
1396,1401,Wired Headphones,1,2019-08-24
1400,1405,Wired Headphones,1,2019-08-10
1402,1407,Wired Headphones,1,2019-08-27
1423,1430,Wired Headphones,1,2019-08-05
1436,1443,Wired Headphones,1,2019-08-30
1469,1476,Wired Headphones,1,2019-08-13
1472,1479,Wired Headphones,1,2019-08-16
1501,1508,Wired Headphones,1,2019-08-07
1502,1509,Wired Headphones,1,2019-08-15
1507,1514,Wired Headphones,1,2019-08-24
1509,1516,Wired Headphones,1,2019-08-25
1516,1523,Wired Headphones,2,2019-08-15
1525,1532,Wired Headphones,1,2019-08-09
1530,1537,Wired Headphones,1,2019-08-13
1531,1538,Wired Headphones,1,2019-08-16
1535,1542,Wired Headphones,1,2019-08-07
1539,1546,Wired Headphones,1,2019-08-26
1540,1547,Wired Headphones,1,2019-08-23
1542,1549,Wired Headphones,1,2019-08-27
1558,1565,Wired Headphones,1,2019-08-07
1565,1572,Wired Headphones,1,2019-08-08
1568,1575,Wired Headphones,1,2019-08-26
1570,1577,Wired Headphones,1,2019-08-08
1571,1578,Wired Headphones,1,2019-08-23
1575,1582,Wired Headphones,1,2019-08-08
1582,1589,Wired Headphones,1,2019-08-09
1586,1593,Wired Headphones,1,2019-08-14
1594,1601,Wired Headphones,1,2019-08-08
1595,1602,Wired Headphones,1,2019-08-05
1606,1613,Wired Headphones,1,2019-08-23
1618,1625,Wired Headphones,1,2019-08-05
1629,1636,Wired Headphones,1,2019-08-26
1643,1650,Wired Headphones,1,2019-08-22
1653,1660,Wired Headphones,1,2019-08-10
1654,1661,Wired Headphones,1,2019-08-15
1657,1664,Wired Headphones,1,2019-08-28
1673,1680,Wired Headphones,1,2019-08-31
1683,1690,Wired Headphones,1,2019-08-28
1689,1696,Wired Headphones,1,2019-08-18
1690,1697,Wired Headphones,1,2019-08-03
1693,1700,Wired Headphones,1,2019-08-02
1700,1707,Wired Headphones,1,2019-08-27
1702,1709,Wired Headphones,1,2019-08-26
1707,1714,Wired Headphones,1,2019-08-28
1711,1718,Wired Headphones,1,2019-08-02
1723,1731,Wired Headphones,1,2019-08-14
1725,1733,Wired Headphones,1,2019-08-13
1726,1734,Wired Headphones,1,2019-08-16
1727,1735,Wired Headphones,1,2019-08-28
1730,1738,Wired Headphones,1,2019-08-10
1748,1756,Wired Headphones,1,2019-08-15
1749,1757,Wired Headphones,1,2019-08-22
1767,1775,Wired Headphones,1,2019-08-30
1785,1793,Wired Headphones,1,2019-08-03
1798,1806,Wired Headphones,1,2019-08-22
1811,1819,Wired Headphones,1,2019-08-25
1813,1821,Wired Headphones,1,2019-08-20
1825,1833,Wired Headphones,1,2019-08-25
1835,1843,Wired Headphones,1,2019-08-06
1846,1854,Wired Headphones,1,2019-08-14
1847,1855,Wired Headphones,1,2019-08-05
1877,1885,Wired Headphones,1,2019-08-25
1894,1902,Wired Headphones,1,2019-08-27
1897,1905,Wired Headphones,1,2019-08-13
1902,1910,Wired Headphones,1,2019-08-15
1922,1930,Wired Headphones,1,2019-08-31
1945,1953,Wired Headphones,1,2019-08-04
1952,1960,Wired Headphones,2,2019-08-20
1962,1970,Wired Headphones,1,2019-08-19
1964,1972,Wired Headphones,2,2019-08-22
1990,1998,Wired Headphones,1,2019-08-08
1995,2003,Wired Headphones,1,2019-08-19
1999,2007,Wired Headphones,1,2019-08-02
2000,2008,Wired Headphones,1,2019-08-23
2007,2015,Wired Headphones,1,2019-08-13
2008,2016,Wired Headphones,1,2019-08-12
2031,2039,Wired Headphones,1,2019-08-21
2034,2042,Wired Headphones,1,2019-08-27
2044,2052,Wired Headphones,1,2019-08-06
2052,2060,Wired Headphones,1,2019-08-24
2056,2064,Wired Headphones,1,2019-08-29
2087,2095,Wired Headphones,1,2019-08-29
2088,2096,Wired Headphones,1,2019-08-20
2097,2105,Wired Headphones,1,2019-08-25
2099,2107,Wired Headphones,1,2019-08-04
2122,2130,Wired Headphones,1,2019-08-02
2135,2143,Wired Headphones,1,2019-08-02
2150,2158,Wired Headphones,1,2019-08-16
2157,2165,Wired Headphones,1,2019-08-10
2160,2168,Wired Headphones,1,2019-08-08
2172,2180,Wired Headphones,1,2019-08-23
2174,2182,Wired Headphones,1,2019-08-04
2186,2194,Wired Headphones,1,2019-08-17
2195,2203,Wired Headphones,1,2019-08-19
2201,2209,Wired Headphones,1,2019-08-03
2210,2218,Wired Headphones,1,2019-08-09
2221,2229,Wired Headphones,1,2019-08-19
2234,2242,Wired Headphones,1,2019-08-21
2251,2259,Wired Headphones,1,2019-08-28
2252,2260,Wired Headphones,1,2019-08-28
2255,2263,Wired Headphones,1,2019-08-21
2260,2268,Wired Headphones,1,2019-08-16
2262,2270,Wired Headphones,1,2019-08-23
2265,2273,Wired Headphones,1,2019-08-25
2271,2279,Wired Headphones,1,2019-08-14
2297,2306,Wired Headphones,1,2019-08-21
2303,2312,Wired Headphones,1,2019-08-24
2308,2317,Wired Headphones,1,2019-08-22
2312,2321,Wired Headphones,1,2019-08-14
2314,2323,Wired Headphones,1,2019-08-05
2317,2326,Wired Headphones,1,2019-08-10
2324,2333,Wired Headphones,1,2019-08-06
2335,2344,Wired Headphones,1,2019-08-19
2340,2349,Wired Headphones,1,2019-08-05
2353,2362,Wired Headphones,1,2019-08-10
2357,2366,Wired Headphones,1,2019-08-11
2361,2370,Wired Headphones,1,2019-08-04
2367,2376,Wired Headphones,1,2019-08-23
2370,2379,Wired Headphones,1,2019-08-22
2380,2389,Wired Headphones,1,2019-08-26
2383,2392,Wired Headphones,2,2019-08-18
2394,2403,Wired Headphones,1,2019-08-03
2402,2411,Wired Headphones,1,2019-08-05
2423,2432,Wired Headphones,1,2019-08-19
2424,2433,Wired Headphones,3,2019-08-30
2430,2439,Wired Headphones,1,2019-08-13
2454,2463,Wired Headphones,1,2019-08-31
2456,2465,Wired Headphones,1,2019-08-05
2516,2526,Wired Headphones,1,2019-08-06
2521,2531,Wired Headphones,1,2019-08-07
2535,2545,Wired Headphones,1,2019-08-19
2541,2551,Wired Headphones,1,2019-08-01
2553,2563,Wired Headphones,1,2019-08-16
2571,2582,Wired Headphones,1,2019-08-12
2593,2604,Wired Headphones,1,2019-08-14
2602,2613,Wired Headphones,1,2019-08-23
2613,2624,Wired Headphones,1,2019-08-01
2621,2632,Wired Headphones,1,2019-08-03
2635,2646,Wired Headphones,1,2019-08-18
2637,2649,Wired Headphones,1,2019-08-12
2638,2650,Wired Headphones,2,2019-08-27
2667,2680,Wired Headphones,1,2019-08-23
2683,2697,Wired Headphones,1,2019-08-23
2699,2713,Wired Headphones,1,2019-08-13
2706,2720,Wired Headphones,1,2019-08-14
2716,2730,Wired Headphones,1,2019-08-26
2722,2736,Wired Headphones,2,2019-08-13
2727,2741,Wired Headphones,1,2019-08-24
2729,2743,Wired Headphones,1,2019-08-03
2744,2758,Wired Headphones,2,2019-08-29
2759,2773,Wired Headphones,1,2019-08-22
2773,2787,Wired Headphones,1,2019-08-20
2783,2797,Wired Headphones,1,2019-08-22
2784,2798,Wired Headphones,1,2019-08-25
2795,2809,Wired Headphones,1,2019-08-05
2811,2825,Wired Headphones,2,2019-08-26
2815,2829,Wired Headphones,1,2019-08-05
2820,2834,Wired Headphones,1,2019-08-12
2827,2841,Wired Headphones,1,2019-08-15
2831,2845,Wired Headphones,2,2019-08-02
2835,2849,Wired Headphones,1,2019-08-01
2847,2861,Wired Headphones,1,2019-08-21
2849,2863,Wired Headphones,1,2019-08-02
2858,2872,Wired Headphones,2,2019-08-18
2862,2876,Wired Headphones,1,2019-08-08
2866,2880,Wired Headphones,1,2019-08-01
2874,2888,Wired Headphones,1,2019-08-10
2878,2892,Wired Headphones,1,2019-08-08
2915,2929,Wired Headphones,1,2019-08-19
2933,2947,Wired Headphones,2,2019-08-01
2958,2972,Wired Headphones,1,2019-08-03
2968,2982,Wired Headphones,1,2019-08-09
2999,3013,Wired Headphones,1,2019-08-02
3005,3019,Wired Headphones,1,2019-08-30
3015,3029,Wired Headphones,1,2019-08-18
3023,3037,Wired Headphones,1,2019-08-26
3025,3039,Wired Headphones,1,2019-08-28
3027,3041,Wired Headphones,2,2019-08-26
3031,3045,Wired Headphones,1,2019-08-31
3034,3048,Wired Headphones,1,2019-08-18
3049,3063,Wired Headphones,1,2019-08-27
3062,3076,Wired Headphones,1,2019-08-21
3081,3095,Wired Headphones,1,2019-08-25
3090,3104,Wired Headphones,1,2019-08-06
3094,3108,Wired Headphones,1,2019-08-09
3101,3115,Wired Headphones,1,2019-08-22
3104,3118,Wired Headphones,1,2019-08-22
3105,3120,Wired Headphones,1,2019-08-01
3119,3134,Wired Headphones,2,2019-08-01
3123,3138,Wired Headphones,1,2019-08-15
3135,3150,Wired Headphones,2,2019-08-01
3189,3204,Wired Headphones,1,2019-08-09
3191,3206,Wired Headphones,1,2019-08-06
3193,3208,Wired Headphones,1,2019-08-02
3205,3220,Wired Headphones,1,2019-08-02
3209,3224,Wired Headphones,1,2019-08-13
3226,3241,Wired Headphones,1,2019-08-24
3229,3244,Wired Headphones,1,2019-08-16
3241,3256,Wired Headphones,1,2019-08-22
3259,3274,Wired Headphones,1,2019-08-27
3276,3291,Wired Headphones,1,2019-08-10
3279,3294,Wired Headphones,1,2019-08-07
3281,3296,Wired Headphones,1,2019-08-14
3307,3323,Wired Headphones,1,2019-08-02
3308,3324,Wired Headphones,1,2019-08-17
3335,3351,Wired Headphones,1,2019-08-24
3338,3354,Wired Headphones,2,2019-08-02
3343,3360,Wired Headphones,1,2019-08-18
3352,3369,Wired Headphones,1,2019-08-26
3358,3375,Wired Headphones,1,2019-08-29
3376,3393,Wired Headphones,1,2019-08-07
3383,3400,Wired Headphones,1,2019-08-17
3388,3405,Wired Headphones,1,2019-08-08
3392,3409,Wired Headphones,1,2019-08-27
3401,3418,Wired Headphones,1,2019-08-20
3419,3436,Wired Headphones,1,2019-08-27
3438,3455,Wired Headphones,1,2019-08-02
3457,3474,Wired Headphones,1,2019-08-24
3462,3479,Wired Headphones,1,2019-08-08
3464,3481,Wired Headphones,1,2019-08-06
3529,3546,Wired Headphones,1,2019-08-29
3543,3560,Wired Headphones,1,2019-08-30
3546,3563,Wired Headphones,2,2019-08-01
3559,3576,Wired Headphones,1,2019-08-15
3575,3592,Wired Headphones,1,2019-08-09
3585,3602,Wired Headphones,1,2019-08-18
3588,3605,Wired Headphones,1,2019-08-26
3589,3606,Wired Headphones,1,2019-08-17
3592,3609,Wired Headphones,1,2019-08-29
3617,3634,Wired Headphones,1,2019-08-30
3631,3648,Wired Headphones,1,2019-08-28
3638,3655,Wired Headphones,1,2019-08-29
3658,3675,Wired Headphones,1,2019-08-27
3672,3689,Wired Headphones,1,2019-08-01
3681,3698,Wired Headphones,1,2019-08-12
3684,3701,Wired Headphones,1,2019-08-24
3700,3717,Wired Headphones,1,2019-08-09
3704,3721,Wired Headphones,1,2019-08-09
3711,3728,Wired Headphones,1,2019-08-04
3721,3738,Wired Headphones,1,2019-08-30
3722,3739,Wired Headphones,1,2019-08-19
3737,3754,Wired Headphones,1,2019-08-20
3742,3759,Wired Headphones,1,2019-08-31
3752,3769,Wired Headphones,1,2019-08-16
3756,3773,Wired Headphones,1,2019-08-22
3775,3792,Wired Headphones,3,2019-08-18
3785,3802,Wired Headphones,1,2019-08-01
3800,3817,Wired Headphones,1,2019-08-08
3803,3820,Wired Headphones,1,2019-08-11
3806,3823,Wired Headphones,1,2019-08-07
3808,3825,Wired Headphones,1,2019-08-26
3819,3836,Wired Headphones,1,2019-08-03
3820,3837,Wired Headphones,2,2019-08-27
3823,3840,Wired Headphones,1,2019-08-30
3826,3843,Wired Headphones,2,2019-08-21
3845,3862,Wired Headphones,1,2019-08-12
3849,3866,Wired Headphones,1,2019-08-02
3858,3875,Wired Headphones,1,2019-08-28
3866,3883,Wired Headphones,1,2019-08-17
3867,3884,Wired Headphones,1,2019-08-04
3873,3890,Wired Headphones,1,2019-08-17
3885,3902,Wired Headphones,1,2019-08-22
3898,3915,Wired Headphones,1,2019-08-09
3906,3923,Wired Headphones,1,2019-08-22
3916,3933,Wired Headphones,1,2019-08-27
3917,3934,Wired Headphones,1,2019-08-22
3922,3939,Wired Headphones,1,2019-08-01
3937,3954,Wired Headphones,1,2019-08-30
3941,3958,Wired Headphones,1,2019-08-18
3947,3964,Wired Headphones,1,2019-08-13
3955,3972,Wired Headphones,1,2019-08-02
3962,3979,Wired Headphones,1,2019-08-17
3983,4000,Wired Headphones,1,2019-08-21
3989,4006,Wired Headphones,1,2019-08-22
3993,4010,Wired Headphones,1,2019-08-07
4004,4021,Wired Headphones,1,2019-08-21
4006,4023,Wired Headphones,1,2019-08-29
4007,4024,Wired Headphones,1,2019-08-12
4011,4028,Wired Headphones,2,2019-08-15
4012,4029,Wired Headphones,1,2019-08-21
4017,4034,Wired Headphones,1,2019-08-13
4021,4038,Wired Headphones,3,2019-08-24
4028,4045,Wired Headphones,2,2019-08-31
4043,4060,Wired Headphones,1,2019-08-01
4046,4063,Wired Headphones,1,2019-08-21
4062,4079,Wired Headphones,1,2019-08-12
4072,4089,Wired Headphones,1,2019-08-30
4078,4095,Wired Headphones,1,2019-08-08
4090,4107,Wired Headphones,1,2019-08-03
4094,4111,Wired Headphones,1,2019-08-30
4101,4118,Wired Headphones,1,2019-08-31
4108,4125,Wired Headphones,1,2019-08-18
4116,4133,Wired Headphones,1,2019-08-30
4134,4151,Wired Headphones,1,2019-08-15
4137,4154,Wired Headphones,1,2019-08-25
4152,4169,Wired Headphones,1,2019-08-24
4163,4180,Wired Headphones,1,2019-08-01
4165,4182,Wired Headphones,1,2019-08-01
4193,4210,Wired Headphones,1,2019-08-29
4200,4217,Wired Headphones,1,2019-08-15
4212,4229,Wired Headphones,1,2019-08-24
4221,4238,Wired Headphones,2,2019-08-28
4231,4248,Wired Headphones,1,2019-08-27
4243,4260,Wired Headphones,1,2019-08-10
4246,4263,Wired Headphones,1,2019-08-12
4266,4283,Wired Headphones,1,2019-08-24
4279,4297,Wired Headphones,1,2019-08-28
4293,4312,Wired Headphones,1,2019-08-26
4294,4313,Wired Headphones,1,2019-08-28
4297,4316,Wired Headphones,1,2019-08-05
4300,4319,Wired Headphones,2,2019-08-02
4301,4320,Wired Headphones,1,2019-08-11
4302,4321,Wired Headphones,1,2019-08-14
4306,4325,Wired Headphones,1,2019-08-25
4321,4340,Wired Headphones,1,2019-08-08
4339,4358,Wired Headphones,1,2019-08-23
4348,4367,Wired Headphones,1,2019-08-31
4369,4388,Wired Headphones,1,2019-08-29
4372,4391,Wired Headphones,1,2019-08-07
4378,4397,Wired Headphones,2,2019-08-26
4385,4404,Wired Headphones,1,2019-08-05
4389,4408,Wired Headphones,1,2019-08-17
4392,4411,Wired Headphones,1,2019-08-04
4406,4425,Wired Headphones,2,2019-08-05
4409,4428,Wired Headphones,1,2019-08-27
4422,4441,Wired Headphones,1,2019-08-10
4453,4473,Wired Headphones,1,2019-08-16
4456,4476,Wired Headphones,1,2019-08-06
4474,4494,Wired Headphones,1,2019-08-15
4477,4497,Wired Headphones,1,2019-08-19
4481,4501,Wired Headphones,1,2019-08-11
4489,4509,Wired Headphones,1,2019-08-02
4501,4521,Wired Headphones,1,2019-08-15
4505,4525,Wired Headphones,1,2019-08-16
4525,4545,Wired Headphones,1,2019-08-12
4529,4549,Wired Headphones,1,2019-08-13
4535,4555,Wired Headphones,1,2019-08-11
4554,4574,Wired Headphones,1,2019-08-08
4564,4584,Wired Headphones,1,2019-08-20
4570,4590,Wired Headphones,1,2019-08-21
4577,4597,Wired Headphones,1,2019-08-30
4584,4604,Wired Headphones,1,2019-08-14
4585,4605,Wired Headphones,1,2019-08-13
4596,4616,Wired Headphones,1,2019-08-01
4599,4619,Wired Headphones,1,2019-08-09
4607,4627,Wired Headphones,1,2019-08-29
4626,4646,Wired Headphones,1,2019-08-26
4632,4652,Wired Headphones,1,2019-08-01
4648,4668,Wired Headphones,1,2019-08-20
4659,4680,Wired Headphones,1,2019-08-30
4660,4681,Wired Headphones,1,2019-08-07
4665,4686,Wired Headphones,1,2019-08-20
4674,4695,Wired Headphones,1,2019-08-11
4682,4703,Wired Headphones,1,2019-08-03
4683,4704,Wired Headphones,2,2019-08-22
4696,4717,Wired Headphones,1,2019-08-01
4712,4733,Wired Headphones,1,2019-08-05
4713,4734,Wired Headphones,1,2019-08-14
4714,4735,Wired Headphones,1,2019-08-01
4723,4744,Wired Headphones,1,2019-08-18
4748,4769,Wired Headphones,1,2019-08-04
4750,4771,Wired Headphones,1,2019-08-19
4753,4774,Wired Headphones,1,2019-08-31
4762,4783,Wired Headphones,1,2019-08-10
4772,4793,Wired Headphones,1,2019-08-17
4782,4803,Wired Headphones,1,2019-08-22
4787,4808,Wired Headphones,1,2019-08-17
4798,4819,Wired Headphones,1,2019-08-17
4802,4823,Wired Headphones,2,2019-08-13
4806,4827,Wired Headphones,1,2019-08-26
4820,4841,Wired Headphones,1,2019-08-23
4821,4842,Wired Headphones,1,2019-08-22
4835,4856,Wired Headphones,2,2019-08-31
4840,4861,Wired Headphones,1,2019-08-21
4861,4882,Wired Headphones,1,2019-08-24
4863,4884,Wired Headphones,2,2019-08-11
4864,4885,Wired Headphones,1,2019-08-22
4871,4892,Wired Headphones,1,2019-08-02
4872,4893,Wired Headphones,1,2019-08-04
4900,4921,Wired Headphones,1,2019-08-24
4906,4927,Wired Headphones,1,2019-08-12
4909,4930,Wired Headphones,1,2019-08-18
4912,4933,Wired Headphones,1,2019-08-19
4926,4947,Wired Headphones,1,2019-08-09
4929,4950,Wired Headphones,1,2019-08-19
4930,4951,Wired Headphones,1,2019-08-01
4935,4956,Wired Headphones,1,2019-08-20
4944,4965,Wired Headphones,1,2019-08-02
4945,4966,Wired Headphones,1,2019-08-07
4969,4990,Wired Headphones,1,2019-08-27
4974,4995,Wired Headphones,1,2019-08-19
4975,4996,Wired Headphones,1,2019-08-27
4976,4997,Wired Headphones,1,2019-08-15
4983,5004,Wired Headphones,2,2019-08-20
4997,5018,Wired Headphones,1,2019-08-02
5006,5027,Wired Headphones,2,2019-08-11
5013,5034,Wired Headphones,1,2019-08-16
5026,5047,Wired Headphones,1,2019-08-10
5032,5053,Wired Headphones,1,2019-08-24
5041,5062,Wired Headphones,1,2019-08-04
5046,5067,Wired Headphones,1,2019-08-27
5050,5071,Wired Headphones,1,2019-08-15
5055,5076,Wired Headphones,1,2019-08-19
5073,5094,Wired Headphones,1,2019-08-24
5081,5102,Wired Headphones,1,2019-08-30
5093,5114,Wired Headphones,1,2019-08-20
5110,5131,Wired Headphones,1,2019-08-30
5113,5134,Wired Headphones,1,2019-08-31
5134,5155,Wired Headphones,1,2019-08-12
5151,5172,Wired Headphones,1,2019-08-20
5156,5177,Wired Headphones,2,2019-08-21
5169,5190,Wired Headphones,1,2019-08-21
5170,5191,Wired Headphones,1,2019-08-09
5200,5221,Wired Headphones,1,2019-08-13
5207,5228,Wired Headphones,1,2019-08-01
5209,5230,Wired Headphones,1,2019-08-31
5212,5233,Wired Headphones,1,2019-08-28
5213,5234,Wired Headphones,1,2019-08-04
5220,5241,Wired Headphones,1,2019-08-22
5231,5252,Wired Headphones,1,2019-08-22
5245,5266,Wired Headphones,1,2019-08-26
5252,5273,Wired Headphones,1,2019-08-05
5256,5277,Wired Headphones,1,2019-08-14
5260,5281,Wired Headphones,1,2019-08-29
5266,5287,Wired Headphones,1,2019-08-07
5270,5291,Wired Headphones,1,2019-08-04
5282,5303,Wired Headphones,3,2019-08-28
5295,5316,Wired Headphones,1,2019-08-09
5330,5351,Wired Headphones,1,2019-08-23
5335,5356,Wired Headphones,1,2019-08-11
5338,5359,Wired Headphones,1,2019-08-26
5340,5361,Wired Headphones,1,2019-08-13
5350,5371,Wired Headphones,1,2019-08-20
5363,5384,Wired Headphones,1,2019-08-25
5369,5390,Wired Headphones,1,2019-08-26
5371,5392,Wired Headphones,1,2019-08-20
5372,5393,Wired Headphones,1,2019-08-07
5386,5407,Wired Headphones,1,2019-08-28
5389,5410,Wired Headphones,2,2019-08-08
5400,5421,Wired Headphones,1,2019-08-06
5407,5428,Wired Headphones,1,2019-08-21
5409,5430,Wired Headphones,1,2019-08-25
5417,5438,Wired Headphones,3,2019-08-02
5423,5444,Wired Headphones,1,2019-08-09
5435,5456,Wired Headphones,1,2019-08-16
5443,5464,Wired Headphones,1,2019-08-18
5464,5485,Wired Headphones,1,2019-08-22
5473,5494,Wired Headphones,1,2019-08-10
5477,5498,Wired Headphones,2,2019-08-14
5478,5499,Wired Headphones,1,2019-08-19
5504,5526,Wired Headphones,1,2019-08-01
5520,5542,Wired Headphones,1,2019-08-11
5523,5545,Wired Headphones,1,2019-08-31
5555,5577,Wired Headphones,2,2019-08-19
5560,5582,Wired Headphones,1,2019-08-30
5569,5591,Wired Headphones,1,2019-08-15
5576,5598,Wired Headphones,1,2019-08-06
5593,5615,Wired Headphones,1,2019-08-24
5606,5628,Wired Headphones,1,2019-08-28
5608,5630,Wired Headphones,1,2019-08-24
5621,5643,Wired Headphones,1,2019-08-08
5626,5648,Wired Headphones,1,2019-08-26
5648,5671,Wired Headphones,1,2019-08-12
5656,5679,Wired Headphones,1,2019-08-24
5663,5686,Wired Headphones,1,2019-08-27
5687,5710,Wired Headphones,1,2019-08-18
5693,5716,Wired Headphones,1,2019-08-02
5694,5717,Wired Headphones,1,2019-08-18
5713,5736,Wired Headphones,1,2019-08-21
5725,5748,Wired Headphones,1,2019-08-30
5740,5763,Wired Headphones,1,2019-08-01
5745,5768,Wired Headphones,1,2019-08-16
5746,5769,Wired Headphones,2,2019-08-12
5747,5770,Wired Headphones,1,2019-08-07
5760,5783,Wired Headphones,1,2019-08-29
5769,5792,Wired Headphones,1,2019-08-12
5821,5844,Wired Headphones,1,2019-08-23
5836,5859,Wired Headphones,1,2019-08-20
5838,5861,Wired Headphones,1,2019-08-26
5841,5864,Wired Headphones,1,2019-08-17
5845,5868,Wired Headphones,1,2019-08-26
5849,5872,Wired Headphones,1,2019-08-15
5862,5885,Wired Headphones,1,2019-08-09
5867,5890,Wired Headphones,2,2019-08-06
5874,5897,Wired Headphones,1,2019-08-09
5875,5898,Wired Headphones,1,2019-08-29
5881,5904,Wired Headphones,1,2019-08-25
5885,5908,Wired Headphones,1,2019-08-21
5887,5910,Wired Headphones,1,2019-08-22
5917,5940,Wired Headphones,1,2019-08-27
5953,5976,Wired Headphones,1,2019-08-14
5966,5989,Wired Headphones,1,2019-08-09
5971,5994,Wired Headphones,1,2019-08-18
5973,5996,Wired Headphones,1,2019-08-25
5976,5999,Wired Headphones,3,2019-08-29
5979,6002,Wired Headphones,1,2019-08-29
5988,6011,Wired Headphones,1,2019-08-03
5990,6013,Wired Headphones,1,2019-08-10
5998,6021,Wired Headphones,1,2019-08-24
6014,6037,Wired Headphones,1,2019-08-05
6056,6080,Wired Headphones,1,2019-08-02
6065,6089,Wired Headphones,1,2019-08-16
6072,6096,Wired Headphones,1,2019-08-30
6073,6097,Wired Headphones,1,2019-08-28
6088,6112,Wired Headphones,1,2019-08-02
6092,6116,Wired Headphones,1,2019-08-17
6095,6119,Wired Headphones,1,2019-08-20
6101,6125,Wired Headphones,1,2019-08-27
6106,6130,Wired Headphones,1,2019-08-16
6110,6134,Wired Headphones,1,2019-08-21
6114,6138,Wired Headphones,1,2019-08-02
6117,6141,Wired Headphones,1,2019-08-03
6141,6165,Wired Headphones,2,2019-08-19
6142,6166,Wired Headphones,1,2019-08-28
6144,6168,Wired Headphones,1,2019-08-27
6153,6177,Wired Headphones,1,2019-08-29
6155,6179,Wired Headphones,1,2019-08-10
6180,6204,Wired Headphones,2,2019-08-30
6183,6207,Wired Headphones,3,2019-08-24
6192,6216,Wired Headphones,1,2019-08-23
6202,6226,Wired Headphones,1,2019-08-24
6225,6249,Wired Headphones,1,2019-08-16
6254,6279,Wired Headphones,1,2019-08-02
6274,6299,Wired Headphones,1,2019-08-11
6295,6320,Wired Headphones,1,2019-08-07
6301,6326,Wired Headphones,1,2019-08-23
6303,6328,Wired Headphones,1,2019-08-18
6316,6341,Wired Headphones,1,2019-08-24
6317,6342,Wired Headphones,1,2019-08-18
6327,6352,Wired Headphones,1,2019-08-05
6334,6359,Wired Headphones,1,2019-08-20
6336,6361,Wired Headphones,1,2019-08-28
6340,6365,Wired Headphones,1,2019-08-04
6341,6366,Wired Headphones,1,2019-08-11
6358,6383,Wired Headphones,1,2019-08-19
6373,6398,Wired Headphones,1,2019-08-27
6376,6401,Wired Headphones,1,2019-08-26
6385,6410,Wired Headphones,1,2019-08-21
6393,6418,Wired Headphones,1,2019-08-02
6408,6433,Wired Headphones,1,2019-08-19
6418,6445,Wired Headphones,1,2019-08-11
6434,6461,Wired Headphones,1,2019-08-27
6468,6495,Wired Headphones,1,2019-08-18
6470,6497,Wired Headphones,1,2019-08-11
6471,6498,Wired Headphones,1,2019-08-21
6473,6500,Wired Headphones,1,2019-08-08
6496,6523,Wired Headphones,1,2019-08-09
6503,6530,Wired Headphones,1,2019-08-09
6506,6533,Wired Headphones,1,2019-08-21
6511,6538,Wired Headphones,1,2019-08-14
6522,6549,Wired Headphones,1,2019-08-14
6551,6578,Wired Headphones,1,2019-08-13
6561,6588,Wired Headphones,1,2019-08-10
6562,6589,Wired Headphones,1,2019-08-08
6571,6598,Wired Headphones,1,2019-08-30
6575,6603,Wired Headphones,1,2019-08-26
6579,6607,Wired Headphones,1,2019-08-30
6583,6611,Wired Headphones,1,2019-08-23
6586,6614,Wired Headphones,1,2019-08-30
6589,6617,Wired Headphones,1,2019-08-05
6594,6622,Wired Headphones,1,2019-08-11
6597,6625,Wired Headphones,1,2019-08-30
6602,6630,Wired Headphones,1,2019-08-23
6607,6635,Wired Headphones,1,2019-08-15
6626,6654,Wired Headphones,1,2019-08-24
6627,6655,Wired Headphones,1,2019-08-12
6630,6658,Wired Headphones,1,2019-08-22
6631,6659,Wired Headphones,2,2019-08-28
6654,6682,Wired Headphones,1,2019-08-09
6655,6683,Wired Headphones,1,2019-08-31
6659,6687,Wired Headphones,1,2019-08-24
6682,6710,Wired Headphones,1,2019-08-10
6695,6723,Wired Headphones,1,2019-08-28
6696,6724,Wired Headphones,1,2019-08-05
6708,6736,Wired Headphones,1,2019-08-07
6715,6743,Wired Headphones,2,2019-08-10
6723,6751,Wired Headphones,1,2019-08-18
6727,6755,Wired Headphones,1,2019-08-25
6729,6757,Wired Headphones,1,2019-08-15
6743,6771,Wired Headphones,1,2019-08-15
6748,6776,Wired Headphones,1,2019-08-14
6749,6777,Wired Headphones,1,2019-08-16
6769,6798,Wired Headphones,1,2019-08-14
6782,6811,Wired Headphones,1,2019-08-12
6788,6817,Wired Headphones,1,2019-08-13
6789,6818,Wired Headphones,1,2019-08-05
6791,6820,Wired Headphones,1,2019-08-17
6803,6832,Wired Headphones,1,2019-08-16
6806,6835,Wired Headphones,1,2019-08-24
6812,6841,Wired Headphones,1,2019-08-27
6824,6853,Wired Headphones,1,2019-08-01
6828,6857,Wired Headphones,1,2019-08-26
6843,6872,Wired Headphones,1,2019-08-22
6845,6874,Wired Headphones,1,2019-08-27
6856,6885,Wired Headphones,1,2019-08-03
6859,6888,Wired Headphones,1,2019-08-17
6872,6901,Wired Headphones,1,2019-08-19
6875,6904,Wired Headphones,1,2019-08-31
6878,6907,Wired Headphones,1,2019-08-16
6902,6931,Wired Headphones,1,2019-08-24
6916,6945,Wired Headphones,1,2019-08-11
6948,6977,Wired Headphones,1,2019-08-26
6963,6993,Wired Headphones,1,2019-08-06
6964,6994,Wired Headphones,1,2019-08-01
6979,7009,Wired Headphones,1,2019-08-14
7013,7043,Wired Headphones,1,2019-08-20
7017,7047,Wired Headphones,1,2019-08-22
7035,7065,Wired Headphones,2,2019-08-15
7039,7069,Wired Headphones,1,2019-08-17
7040,7070,Wired Headphones,1,2019-08-02
7042,7072,Wired Headphones,1,2019-08-26
7047,7077,Wired Headphones,1,2019-08-31
7065,7095,Wired Headphones,1,2019-08-30
7075,7105,Wired Headphones,1,2019-08-04
7084,7114,Wired Headphones,1,2019-08-23
7095,7126,Wired Headphones,1,2019-08-23
7102,7133,Wired Headphones,1,2019-08-15
7105,7136,Wired Headphones,1,2019-08-21
7145,7176,Wired Headphones,1,2019-08-26
7147,7178,Wired Headphones,1,2019-08-17
7149,7180,Wired Headphones,2,2019-08-04
7154,7185,Wired Headphones,2,2019-08-03
7182,7213,Wired Headphones,1,2019-08-26
7220,7251,Wired Headphones,1,2019-08-30
7224,7255,Wired Headphones,1,2019-08-10
7227,7258,Wired Headphones,1,2019-08-03
7233,7264,Wired Headphones,1,2019-08-13
7241,7272,Wired Headphones,1,2019-08-17
7244,7275,Wired Headphones,2,2019-08-05
7248,7279,Wired Headphones,1,2019-08-19
7251,7282,Wired Headphones,1,2019-08-29
7255,7286,Wired Headphones,1,2019-08-25
7269,7300,Wired Headphones,1,2019-08-24
7274,7305,Wired Headphones,1,2019-08-23
7278,7309,Wired Headphones,1,2019-08-30
7287,7318,Wired Headphones,1,2019-08-07
7294,7325,Wired Headphones,1,2019-08-03
7298,7329,Wired Headphones,1,2019-08-04
7319,7350,Wired Headphones,1,2019-08-19
7331,7362,Wired Headphones,1,2019-08-07
7350,7381,Wired Headphones,1,2019-08-11
7351,7382,Wired Headphones,2,2019-08-29
7357,7388,Wired Headphones,1,2019-08-30
7375,7406,Wired Headphones,1,2019-08-08
7376,7407,Wired Headphones,1,2019-08-03
7379,7410,Wired Headphones,1,2019-08-24
7412,7443,Wired Headphones,2,2019-08-15
7426,7457,Wired Headphones,1,2019-08-15
7435,7466,Wired Headphones,1,2019-08-06
7445,7476,Wired Headphones,2,2019-08-08
7482,7514,Wired Headphones,1,2019-08-11
7489,7521,Wired Headphones,1,2019-08-20
7494,7526,Wired Headphones,1,2019-08-26
7503,7535,Wired Headphones,1,2019-08-28
7520,7552,Wired Headphones,1,2019-08-05
7535,7567,Wired Headphones,1,2019-08-31
7540,7572,Wired Headphones,1,2019-08-09
7542,7574,Wired Headphones,2,2019-08-09
7549,7581,Wired Headphones,2,2019-08-19
7558,7590,Wired Headphones,1,2019-08-14
7586,7618,Wired Headphones,1,2019-08-20
7603,7635,Wired Headphones,1,2019-08-18
7615,7647,Wired Headphones,1,2019-08-23
7633,7665,Wired Headphones,1,2019-08-29
7655,7687,Wired Headphones,1,2019-08-23
7656,7688,Wired Headphones,1,2019-08-23
7672,7704,Wired Headphones,1,2019-08-28
7675,7707,Wired Headphones,1,2019-08-29
7678,7710,Wired Headphones,2,2019-08-18
7704,7736,Wired Headphones,1,2019-08-29
7730,7763,Wired Headphones,1,2019-08-29
7741,7774,Wired Headphones,1,2019-08-12
7748,7781,Wired Headphones,1,2019-08-20
7749,7782,Wired Headphones,1,2019-08-01
7782,7815,Wired Headphones,1,2019-08-05
7788,7821,Wired Headphones,1,2019-08-16
7790,7823,Wired Headphones,1,2019-08-31
7797,7830,Wired Headphones,1,2019-08-26
7846,7879,Wired Headphones,1,2019-08-14
7852,7885,Wired Headphones,1,2019-08-30
7857,7890,Wired Headphones,1,2019-08-28
7862,7895,Wired Headphones,1,2019-08-28
7863,7896,Wired Headphones,1,2019-08-01
7873,7906,Wired Headphones,1,2019-08-31
7876,7910,Wired Headphones,1,2019-08-22
7881,7915,Wired Headphones,1,2019-08-14
7887,7921,Wired Headphones,1,2019-08-30
7901,7935,Wired Headphones,1,2019-08-06
7911,7946,Wired Headphones,1,2019-08-04
7930,7966,Wired Headphones,2,2019-08-19
7938,7974,Wired Headphones,1,2019-08-06
7940,7976,Wired Headphones,1,2019-08-18
7946,7982,Wired Headphones,1,2019-08-18
7951,7987,Wired Headphones,1,2019-08-23
7966,8002,Wired Headphones,1,2019-08-12
7973,8009,Wired Headphones,1,2019-08-14
7990,8026,Wired Headphones,1,2019-08-26
8035,8071,Wired Headphones,1,2019-08-16
8037,8073,Wired Headphones,1,2019-08-28
8041,8077,Wired Headphones,1,2019-08-20
8048,8084,Wired Headphones,1,2019-08-12
8057,8093,Wired Headphones,1,2019-08-23
8062,8098,Wired Headphones,1,2019-08-05
8082,8118,Wired Headphones,2,2019-08-09
8087,8123,Wired Headphones,1,2019-08-30
8095,8131,Wired Headphones,1,2019-08-18
8103,8139,Wired Headphones,1,2019-08-19
8117,8153,Wired Headphones,1,2019-08-14
8124,8160,Wired Headphones,1,2019-08-12
8139,8175,Wired Headphones,1,2019-08-21
8150,8186,Wired Headphones,1,2019-08-15
8158,8194,Wired Headphones,1,2019-08-07
8162,8198,Wired Headphones,2,2019-08-28
8165,8201,Wired Headphones,1,2019-08-01
8182,8218,Wired Headphones,1,2019-08-08
8204,8240,Wired Headphones,1,2019-08-10
8208,8244,Wired Headphones,1,2019-08-29
8217,8253,Wired Headphones,2,2019-08-14
8222,8258,Wired Headphones,1,2019-08-31
8244,8280,Wired Headphones,1,2019-08-06
8256,8292,Wired Headphones,1,2019-08-13
8259,8295,Wired Headphones,3,2019-08-15
8273,8309,Wired Headphones,1,2019-08-31
8276,8312,Wired Headphones,1,2019-08-31
8277,8313,Wired Headphones,1,2019-08-20
8310,8346,Wired Headphones,1,2019-08-15
8352,8388,Wired Headphones,1,2019-08-29
8371,8407,Wired Headphones,1,2019-08-16
8383,8419,Wired Headphones,2,2019-08-06
8385,8421,Wired Headphones,1,2019-08-29
8386,8422,Wired Headphones,1,2019-08-29
8387,8423,Wired Headphones,1,2019-08-24
8417,8453,Wired Headphones,2,2019-08-14
8423,8459,Wired Headphones,1,2019-08-19
8434,8470,Wired Headphones,1,2019-08-08
8447,8483,Wired Headphones,1,2019-08-13
8450,8486,Wired Headphones,2,2019-08-28
8466,8502,Wired Headphones,1,2019-08-17
8469,8505,Wired Headphones,1,2019-08-30
8471,8507,Wired Headphones,2,2019-08-04
8472,8508,Wired Headphones,1,2019-08-01
8474,8510,Wired Headphones,1,2019-08-31
8476,8512,Wired Headphones,1,2019-08-22
8508,8544,Wired Headphones,1,2019-08-07
8514,8550,Wired Headphones,1,2019-08-16
8515,8551,Wired Headphones,1,2019-08-13
8533,8570,Wired Headphones,1,2019-08-04
8542,8579,Wired Headphones,1,2019-08-21
8581,8618,Wired Headphones,1,2019-08-04
8592,8629,Wired Headphones,1,2019-08-27
8601,8638,Wired Headphones,1,2019-08-17
8616,8653,Wired Headphones,1,2019-08-03
8621,8658,Wired Headphones,1,2019-08-29
8629,8666,Wired Headphones,1,2019-08-05
8650,8688,Wired Headphones,1,2019-08-12
8667,8705,Wired Headphones,2,2019-08-24
8670,8708,Wired Headphones,1,2019-08-07
8671,8709,Wired Headphones,1,2019-08-08
8680,8718,Wired Headphones,2,2019-08-12
8684,8722,Wired Headphones,1,2019-08-02
8694,8733,Wired Headphones,1,2019-08-22
8708,8747,Wired Headphones,1,2019-08-01
8710,8749,Wired Headphones,1,2019-08-31
8715,8754,Wired Headphones,1,2019-08-02
8730,8769,Wired Headphones,1,2019-08-18
8750,8789,Wired Headphones,1,2019-08-17
8753,8792,Wired Headphones,1,2019-08-15
8769,8808,Wired Headphones,1,2019-08-02
8772,8811,Wired Headphones,1,2019-08-29
8795,8835,Wired Headphones,1,2019-08-30
8800,8840,Wired Headphones,1,2019-08-03
8803,8843,Wired Headphones,1,2019-08-29
8812,8852,Wired Headphones,1,2019-08-28
8831,8871,Wired Headphones,1,2019-08-11
8838,8878,Wired Headphones,1,2019-08-26
8845,8885,Wired Headphones,1,2019-08-12
8849,8889,Wired Headphones,1,2019-08-28
8856,8896,Wired Headphones,1,2019-08-21
8866,8906,Wired Headphones,1,2019-08-30
8868,8908,Wired Headphones,1,2019-08-18
8876,8916,Wired Headphones,1,2019-08-07
8880,8920,Wired Headphones,1,2019-08-20
8888,8928,Wired Headphones,1,2019-08-06
8889,8930,Wired Headphones,1,2019-08-10
8900,8941,Wired Headphones,1,2019-08-20
8902,8943,Wired Headphones,1,2019-08-03
8903,8944,Wired Headphones,1,2019-08-20
8912,8953,Wired Headphones,1,2019-08-10
8931,8972,Wired Headphones,1,2019-08-28
8947,8988,Wired Headphones,2,2019-08-27
8967,9008,Wired Headphones,1,2019-08-02
8968,9009,Wired Headphones,1,2019-08-23
8978,9019,Wired Headphones,1,2019-08-11
8984,9025,Wired Headphones,1,2019-08-07
8990,9031,Wired Headphones,1,2019-08-11
9008,9049,Wired Headphones,1,2019-08-14
9016,9057,Wired Headphones,1,2019-08-04
9020,9061,Wired Headphones,1,2019-08-31
9029,9070,Wired Headphones,1,2019-08-08
9036,9077,Wired Headphones,1,2019-08-06
9044,9085,Wired Headphones,1,2019-08-28
9046,9087,Wired Headphones,2,2019-08-01
9102,9143,Wired Headphones,1,2019-08-14
9108,9149,Wired Headphones,2,2019-08-09
9109,9150,Wired Headphones,1,2019-08-19
9117,9158,Wired Headphones,1,2019-08-05
9125,9166,Wired Headphones,1,2019-08-27
9139,9180,Wired Headphones,1,2019-08-12
9168,9209,Wired Headphones,1,2019-08-16
9176,9218,Wired Headphones,1,2019-08-14
9188,9231,Wired Headphones,1,2019-08-17
9198,9241,Wired Headphones,1,2019-08-25
9223,9266,Wired Headphones,1,2019-08-19
9230,9273,Wired Headphones,1,2019-08-10
9235,9278,Wired Headphones,1,2019-08-27
9244,9287,Wired Headphones,1,2019-08-13
9262,9305,Wired Headphones,1,2019-08-06
9276,9319,Wired Headphones,1,2019-08-03
9284,9327,Wired Headphones,1,2019-08-04
9291,9334,Wired Headphones,1,2019-08-24
9300,9343,Wired Headphones,1,2019-08-14
9306,9349,Wired Headphones,1,2019-08-07
9310,9353,Wired Headphones,1,2019-08-29
9312,9355,Wired Headphones,1,2019-08-29
9315,9358,Wired Headphones,1,2019-08-18
9327,9370,Wired Headphones,1,2019-08-02
9398,9442,Wired Headphones,1,2019-08-24
9410,9454,Wired Headphones,1,2019-08-07
9442,9486,Wired Headphones,1,2019-08-24
9466,9510,Wired Headphones,1,2019-08-01
9473,9517,Wired Headphones,1,2019-08-24
9474,9518,Wired Headphones,1,2019-08-25
9477,9521,Wired Headphones,1,2019-08-03
9492,9536,Wired Headphones,1,2019-08-12
9513,9557,Wired Headphones,1,2019-08-16
9521,9565,Wired Headphones,1,2019-08-07
9528,9572,Wired Headphones,1,2019-08-13
9582,9627,Wired Headphones,1,2019-08-28
9606,9651,Wired Headphones,1,2019-08-24
9608,9653,Wired Headphones,1,2019-08-26
9610,9655,Wired Headphones,1,2019-08-21
9612,9657,Wired Headphones,1,2019-08-12
9616,9661,Wired Headphones,1,2019-08-03
9621,9666,Wired Headphones,1,2019-08-14
9629,9674,Wired Headphones,1,2019-08-01
9632,9677,Wired Headphones,1,2019-08-22
9641,9686,Wired Headphones,1,2019-08-04
9643,9688,Wired Headphones,1,2019-08-31
9648,9693,Wired Headphones,1,2019-08-11
9649,9694,Wired Headphones,1,2019-08-29
9662,9707,Wired Headphones,2,2019-08-16
9667,9712,Wired Headphones,1,2019-08-07
9674,9719,Wired Headphones,1,2019-08-26
9678,9723,Wired Headphones,1,2019-08-14
9681,9726,Wired Headphones,1,2019-08-30
9689,9734,Wired Headphones,1,2019-08-31
9690,9735,Wired Headphones,1,2019-08-04
9697,9742,Wired Headphones,1,2019-08-16
9708,9754,Wired Headphones,1,2019-08-06
9710,9756,Wired Headphones,1,2019-08-26
9712,9758,Wired Headphones,1,2019-08-14
9722,9768,Wired Headphones,1,2019-08-21
9729,9775,Wired Headphones,1,2019-08-24
9731,9777,Wired Headphones,1,2019-08-07
9763,9809,Wired Headphones,1,2019-08-12
9764,9810,Wired Headphones,1,2019-08-06
9771,9817,Wired Headphones,1,2019-08-13
9793,9839,Wired Headphones,1,2019-08-24
9796,9842,Wired Headphones,1,2019-08-26
9803,9849,Wired Headphones,1,2019-08-26
9817,9863,Wired Headphones,1,2019-08-14
9819,9865,Wired Headphones,1,2019-08-31
9823,9869,Wired Headphones,1,2019-08-20
9825,9871,Wired Headphones,1,2019-08-27
9834,9880,Wired Headphones,1,2019-08-25
9836,9882,Wired Headphones,1,2019-08-10
9849,9895,Wired Headphones,1,2019-08-24
9854,9900,Wired Headphones,1,2019-08-13
9855,9901,Wired Headphones,1,2019-08-12
9867,9913,Wired Headphones,1,2019-08-15
9869,9915,Wired Headphones,3,2019-08-11
9883,9929,Wired Headphones,1,2019-08-06
9886,9932,Wired Headphones,1,2019-08-13
9900,9946,Wired Headphones,1,2019-08-23
9906,9952,Wired Headphones,1,2019-08-28
9923,9969,Wired Headphones,1,2019-08-12
9975,10021,Wired Headphones,1,2019-08-06
9983,10029,Wired Headphones,1,2019-08-16
9984,10030,Wired Headphones,1,2019-08-13
9990,10036,Wired Headphones,1,2019-08-01
10012,10058,Wired Headphones,1,2019-08-06
10016,10062,Wired Headphones,1,2019-08-20
10038,10084,Wired Headphones,1,2019-08-07
10042,10088,Wired Headphones,1,2019-08-27
10065,10111,Wired Headphones,1,2019-08-03
10075,10121,Wired Headphones,1,2019-08-31
10079,10125,Wired Headphones,1,2019-08-29
10119,10165,Wired Headphones,1,2019-08-15
10127,10173,Wired Headphones,1,2019-08-17
10138,10184,Wired Headphones,1,2019-08-03
10146,10192,Wired Headphones,1,2019-08-07
10147,10193,Wired Headphones,1,2019-08-15
10152,10198,Wired Headphones,1,2019-08-20
10172,10219,Wired Headphones,1,2019-08-22
10176,10223,Wired Headphones,1,2019-08-09
10180,10227,Wired Headphones,1,2019-08-04
10181,10228,Wired Headphones,1,2019-08-20
10189,10236,Wired Headphones,1,2019-08-10
10211,10258,Wired Headphones,1,2019-08-08
10220,10267,Wired Headphones,1,2019-08-09
10232,10279,Wired Headphones,2,2019-08-11
10277,10324,Wired Headphones,1,2019-08-15
10279,10326,Wired Headphones,1,2019-08-07
10281,10328,Wired Headphones,2,2019-08-29
10282,10329,Wired Headphones,1,2019-08-17
10284,10331,Wired Headphones,1,2019-08-17
10293,10341,Wired Headphones,1,2019-08-07
10295,10343,Wired Headphones,1,2019-08-22
10300,10348,Wired Headphones,1,2019-08-29
10310,10358,Wired Headphones,1,2019-08-05
10312,10360,Wired Headphones,1,2019-08-28
10319,10367,Wired Headphones,1,2019-08-16
10340,10388,Wired Headphones,1,2019-08-09
10357,10405,Wired Headphones,1,2019-08-22
10366,10414,Wired Headphones,1,2019-08-07
10382,10430,Wired Headphones,1,2019-08-04
10396,10444,Wired Headphones,1,2019-08-28
10413,10461,Wired Headphones,1,2019-08-26
10419,10467,Wired Headphones,1,2019-08-02
10423,10471,Wired Headphones,1,2019-08-30
10470,10519,Wired Headphones,1,2019-08-26
10488,10537,Wired Headphones,1,2019-08-20
10519,10568,Wired Headphones,1,2019-08-10
10552,10601,Wired Headphones,1,2019-08-28
10555,10604,Wired Headphones,1,2019-08-11
10567,10616,Wired Headphones,1,2019-08-19
10582,10631,Wired Headphones,1,2019-08-20
10592,10641,Wired Headphones,1,2019-08-03
10605,10654,Wired Headphones,1,2019-08-16
10617,10666,Wired Headphones,1,2019-08-04
10644,10693,Wired Headphones,1,2019-08-20
10652,10701,Wired Headphones,1,2019-08-22
10660,10710,Wired Headphones,1,2019-08-28
10672,10723,Wired Headphones,1,2019-08-18
10726,10777,Wired Headphones,1,2019-08-18
10751,10802,Wired Headphones,1,2019-08-23
10764,10815,Wired Headphones,1,2019-08-10
10768,10819,Wired Headphones,1,2019-08-30
10796,10847,Wired Headphones,1,2019-08-16
10797,10848,Wired Headphones,1,2019-08-14
10816,10868,Wired Headphones,1,2019-08-01
10818,10870,Wired Headphones,2,2019-08-31
10834,10887,Wired Headphones,1,2019-08-12
10841,10894,Wired Headphones,1,2019-08-15
10862,10915,Wired Headphones,1,2019-08-28
10877,10930,Wired Headphones,2,2019-08-29
10879,10932,Wired Headphones,1,2019-08-23
10894,10947,Wired Headphones,1,2019-08-13
10900,10953,Wired Headphones,1,2019-08-29
10911,10964,Wired Headphones,1,2019-08-05
10915,10968,Wired Headphones,1,2019-08-12
10924,10977,Wired Headphones,1,2019-08-18
10926,10979,Wired Headphones,1,2019-08-30
10934,10987,Wired Headphones,1,2019-08-29
10953,11007,Wired Headphones,1,2019-08-07
10960,11014,Wired Headphones,1,2019-08-06
10977,11031,Wired Headphones,1,2019-08-31
10988,11042,Wired Headphones,1,2019-08-12
10997,11051,Wired Headphones,1,2019-08-13
11016,11070,Wired Headphones,1,2019-08-25
11020,11074,Wired Headphones,1,2019-08-25
11047,11101,Wired Headphones,1,2019-08-17
11057,11111,Wired Headphones,1,2019-08-27
11099,11153,Wired Headphones,1,2019-08-30
11103,11157,Wired Headphones,1,2019-08-16
11106,11160,Wired Headphones,2,2019-08-26
11128,11182,Wired Headphones,1,2019-08-15
11144,11198,Wired Headphones,1,2019-08-31
11148,11202,Wired Headphones,1,2019-08-17
11157,11211,Wired Headphones,1,2019-08-03
11188,11242,Wired Headphones,1,2019-08-21
11192,11246,Wired Headphones,1,2019-08-04
11194,11248,Wired Headphones,1,2019-08-07
11225,11279,Wired Headphones,1,2019-08-03
11240,11294,Wired Headphones,1,2019-08-31
11241,11295,Wired Headphones,1,2019-08-25
11247,11301,Wired Headphones,1,2019-08-05
11252,11306,Wired Headphones,1,2019-08-18
11258,11312,Wired Headphones,1,2019-08-20
11270,11324,Wired Headphones,1,2019-08-31
11319,11373,Wired Headphones,1,2019-08-21
11326,11380,Wired Headphones,2,2019-08-26
11350,11404,Wired Headphones,1,2019-08-11
11351,11405,Wired Headphones,1,2019-08-21
11361,11415,Wired Headphones,1,2019-08-09
11381,11435,Wired Headphones,1,2019-08-20
11386,11440,Wired Headphones,1,2019-08-06
11390,11444,Wired Headphones,1,2019-08-11
11391,11445,Wired Headphones,1,2019-08-09
11404,11458,Wired Headphones,1,2019-08-23
11408,11462,Wired Headphones,1,2019-08-31
11423,11477,Wired Headphones,1,2019-08-01
11445,11499,Wired Headphones,1,2019-08-16
11459,11513,Wired Headphones,1,2019-08-02
11466,11520,Wired Headphones,2,2019-08-17
11468,11522,Wired Headphones,1,2019-08-04
11481,11535,Wired Headphones,1,2019-08-03
11506,11560,Wired Headphones,1,2019-08-31
11510,11564,Wired Headphones,1,2019-08-22
11513,11567,Wired Headphones,1,2019-08-31
11516,11570,Wired Headphones,1,2019-08-22
11517,11571,Wired Headphones,1,2019-08-10
11520,11574,Wired Headphones,1,2019-08-17
11547,11601,Wired Headphones,1,2019-08-04
11549,11603,Wired Headphones,1,2019-08-22
11558,11612,Wired Headphones,1,2019-08-30
11562,11616,Wired Headphones,2,2019-08-11
11565,11619,Wired Headphones,1,2019-08-07
11579,11633,Wired Headphones,1,2019-08-28
11581,11635,Wired Headphones,1,2019-08-16
11585,11639,Wired Headphones,1,2019-08-17
11594,11648,Wired Headphones,1,2019-08-16
11596,11650,Wired Headphones,2,2019-08-22
11599,11653,Wired Headphones,1,2019-08-25
11610,11664,Wired Headphones,1,2019-08-31
11611,11665,Wired Headphones,1,2019-08-17
11618,11672,Wired Headphones,1,2019-08-09
11620,11674,Wired Headphones,1,2019-08-20
11622,11676,Wired Headphones,1,2019-08-27
11625,11679,Wired Headphones,1,2019-08-13
11641,11695,Wired Headphones,1,2019-08-30
11659,11713,Wired Headphones,1,2019-08-15
11661,11715,Wired Headphones,1,2019-08-16
11668,11722,Wired Headphones,1,2019-08-07
11689,11743,Wired Headphones,2,2019-08-19
11692,11746,Wired Headphones,1,2019-08-04
11693,11747,Wired Headphones,1,2019-08-25
11694,11748,Wired Headphones,1,2019-08-10
11706,11760,Wired Headphones,1,2019-08-10
11718,11772,Wired Headphones,1,2019-08-29
11741,11795,Wired Headphones,2,2019-08-28
11746,11800,Wired Headphones,1,2019-08-07
11762,11816,Wired Headphones,1,2019-08-08
11764,11818,Wired Headphones,1,2019-08-08
11771,11825,Wired Headphones,1,2019-08-08
11780,11834,Wired Headphones,1,2019-08-18
11795,11849,Wired Headphones,1,2019-08-01
11803,11857,Wired Headphones,1,2019-08-23
11813,11867,Wired Headphones,1,2019-08-15
11815,11869,Wired Headphones,1,2019-08-06
11818,11872,Wired Headphones,1,2019-08-23
11829,11883,Wired Headphones,1,2019-08-24
11832,11886,Wired Headphones,1,2019-08-27
11834,11888,Wired Headphones,1,2019-08-14
11856,11910,Wired Headphones,1,2019-08-05
11864,11918,Wired Headphones,1,2019-08-22
11868,11922,Wired Headphones,1,2019-08-03
11875,11929,Wired Headphones,1,2019-08-24
11910,11964,Wired Headphones,1,2019-08-28
11913,11967,Wired Headphones,1,2019-08-29
11917,11971,Wired Headphones,1,2019-08-09
11933,11987,Wired Headphones,1,2019-08-24
11942,11996,Wired Headphones,1,2019-08-09
11951,12005,Wired Headphones,1,2019-08-20
